--
-- PostgreSQL database dump
--

-- Dumped from database version 14.4
-- Dumped by pg_dump version 15.5 (Debian 15.5-0+deb12u1)

SET statement_timeout = 0;
SET lock_timeout = 0;
SET idle_in_transaction_session_timeout = 0;
SET client_encoding = 'UTF8';
SET standard_conforming_strings = on;
SELECT pg_catalog.set_config('search_path', '', false);
SET check_function_bodies = false;
SET xmloption = content;
SET client_min_messages = warning;
SET row_security = off;

--
-- Name: public; Type: SCHEMA; Schema: -; Owner: postgres
--

-- *not* creating schema, since initdb creates it


ALTER SCHEMA public OWNER TO postgres;

--
-- Name: uuid-ossp; Type: EXTENSION; Schema: -; Owner: -
--

CREATE EXTENSION IF NOT EXISTS "uuid-ossp" WITH SCHEMA public;


--
-- Name: EXTENSION "uuid-ossp"; Type: COMMENT; Schema: -; Owner: 
--

COMMENT ON EXTENSION "uuid-ossp" IS 'generate universally unique identifiers (UUIDs)';


SET default_tablespace = '';

SET default_table_access_method = heap;

--
-- Name: account; Type: TABLE; Schema: public; Owner: postgres
--

CREATE TABLE public.account (
    account_id uuid DEFAULT public.uuid_generate_v4() NOT NULL,
    account_number character varying(100) NOT NULL,
    product_type character varying(100) NOT NULL,
    product_id character varying(100) NOT NULL,
    status character varying(100) NOT NULL,
    cbs_account_number character varying(100),
    created_at timestamp with time zone NOT NULL,
    created_by character varying(100),
    modified_at timestamp with time zone,
    modified_by character varying(100)
);


ALTER TABLE public.account OWNER TO postgres;

--
-- Name: account_nominee_mapping; Type: TABLE; Schema: public; Owner: postgres
--

CREATE TABLE public.account_nominee_mapping (
    id uuid DEFAULT public.uuid_generate_v4() NOT NULL,
    account_id uuid NOT NULL,
    nominee_id character varying(100) NOT NULL,
    percentage double precision NOT NULL,
    is_active boolean,
    created_at timestamp with time zone NOT NULL,
    created_by character varying(100),
    modified_at timestamp with time zone,
    modified_by character varying(100)
);


ALTER TABLE public.account_nominee_mapping OWNER TO postgres;

--
-- Name: casa_account; Type: TABLE; Schema: public; Owner: postgres
--

CREATE TABLE public.casa_account (
    id uuid DEFAULT public.uuid_generate_v4() NOT NULL,
    account_id uuid NOT NULL,
    branch_code character varying(100),
    denomination character varying(100) NOT NULL
);


ALTER TABLE public.casa_account OWNER TO postgres;

--
-- Name: customer_account_mapping; Type: TABLE; Schema: public; Owner: postgres
--

CREATE TABLE public.customer_account_mapping (
    id uuid DEFAULT public.uuid_generate_v4() NOT NULL,
    customer_id character varying(100) NOT NULL,
    account_id uuid NOT NULL,
    is_primary_holder boolean
);


ALTER TABLE public.customer_account_mapping OWNER TO postgres;

--
-- Name: databasechangelog; Type: TABLE; Schema: public; Owner: postgres
--

CREATE TABLE public.databasechangelog (
    id character varying(255) NOT NULL,
    author character varying(255) NOT NULL,
    filename character varying(255) NOT NULL,
    dateexecuted timestamp without time zone NOT NULL,
    orderexecuted integer NOT NULL,
    exectype character varying(10) NOT NULL,
    md5sum character varying(35),
    description character varying(255),
    comments character varying(255),
    tag character varying(255),
    liquibase character varying(20),
    contexts character varying(255),
    labels character varying(255),
    deployment_id character varying(10)
);


ALTER TABLE public.databasechangelog OWNER TO postgres;

--
-- Name: databasechangeloglock; Type: TABLE; Schema: public; Owner: postgres
--

CREATE TABLE public.databasechangeloglock (
    id integer NOT NULL,
    locked boolean NOT NULL,
    lockgranted timestamp without time zone,
    lockedby character varying(255)
);


ALTER TABLE public.databasechangeloglock OWNER TO postgres;

--
-- Name: fd_account; Type: TABLE; Schema: public; Owner: postgres
--

CREATE TABLE public.fd_account (
    id uuid DEFAULT public.uuid_generate_v4() NOT NULL,
    account_id uuid NOT NULL,
    tenure_unit character varying(100) NOT NULL,
    tenure_value integer NOT NULL,
    interest_rate double precision NOT NULL,
    amount double precision NOT NULL,
    start_date timestamp with time zone NOT NULL,
    auto_renewal boolean NOT NULL,
    auto_renewal_type character varying(100) NOT NULL,
    deposit_account character varying(100) NOT NULL,
    interest_payout_frequency character varying(100) NOT NULL,
    branch_code character varying(100),
    denomination character varying(100) NOT NULL,
    maturity_date timestamp with time zone NOT NULL,
    maturity_amount double precision NOT NULL
);


ALTER TABLE public.fd_account OWNER TO postgres;

--
-- Name: loan_account; Type: TABLE; Schema: public; Owner: postgres
--

CREATE TABLE public.loan_account (
    id uuid DEFAULT public.uuid_generate_v4() NOT NULL,
    account_id uuid NOT NULL,
    tenure_unit character varying(100) NOT NULL,
    tenure_value integer NOT NULL,
    repayment_frequency character varying(100) NOT NULL,
    repayment_day integer NOT NULL,
    interest_rate double precision NOT NULL,
    amount double precision NOT NULL,
    amortize boolean NOT NULL,
    processing_fee_amount double precision NOT NULL,
    processing_fee_tax double precision NOT NULL,
    disbursement_account character varying(100) NOT NULL,
    repayment_account character varying(100) NOT NULL,
    denomination character varying(100) NOT NULL,
    is_insurance_required boolean NOT NULL
);


ALTER TABLE public.loan_account OWNER TO postgres;

--
-- Name: rd_account; Type: TABLE; Schema: public; Owner: postgres
--

CREATE TABLE public.rd_account (
    id uuid DEFAULT public.uuid_generate_v4() NOT NULL,
    account_id uuid NOT NULL,
    tenure_unit character varying(100) NOT NULL,
    tenure_value integer NOT NULL,
    interest_rate double precision NOT NULL,
    amount double precision NOT NULL,
    start_date timestamp with time zone NOT NULL,
    auto_renewal boolean NOT NULL,
    auto_renewal_type character varying(100) NOT NULL,
    deposit_frequency character varying(100) NOT NULL,
    deposit_account character varying(100) NOT NULL,
    branch_code character varying(100),
    denomination character varying(100) NOT NULL,
    maturity_date timestamp with time zone NOT NULL,
    maturity_amount double precision NOT NULL
);


ALTER TABLE public.rd_account OWNER TO postgres;

--
-- Data for Name: account; Type: TABLE DATA; Schema: public; Owner: postgres
--

COPY public.account (account_id, account_number, product_type, product_id, status, cbs_account_number, created_at, created_by, modified_at, modified_by) FROM stdin;
ba753db9-2ad2-497f-a7e6-b0270490a97d	CASA1003197818	CASA_ACCOUNT	XE_SAVINGS_INR	ACCOUNT_STATUS_OPEN	f0237c1f-0413-293c-99eb-90cbf27b84ac	2023-08-29 06:14:35.863617+00	\N	2023-08-29 06:14:39.013168+00	\N
bed80f7b-6bb5-49fc-af86-39276394d01d	CASA2147012417	CASA_ACCOUNT	XE_SAVINGS_INR	ACCOUNT_STATUS_OPEN	925cca41-348c-c20e-5c9b-8ab444061185	2023-08-31 07:41:35.172591+00	\N	2023-08-31 07:41:38.401797+00	\N
114b81f4-4a28-4eb7-97ee-a22e0fd69031	CASA0116934106	CASA_ACCOUNT	XE_SAVINGS_INR	ACCOUNT_STATUS_OPEN	ea0f6a53-ca2f-2018-bbf0-f48b48939d0d	2023-08-31 09:32:04.247706+00	\N	2023-08-31 09:32:07.427928+00	\N
681f64f3-be5b-49f6-8f67-8c5a409a6c9e	CASA2005772072	CASA_ACCOUNT	XE_SAVINGS_INR	ACCOUNT_STATUS_OPEN	068dd294-1529-8951-e925-eed1b7e9c55a	2023-09-01 07:22:30.334048+00	\N	2023-09-01 07:22:33.026225+00	\N
5c7ad10f-c11a-492f-b498-ec6d1dd5c996	CASA0596978168	CASA_ACCOUNT	XE_SAVINGS_INR	ACCOUNT_STATUS_OPEN	08648e6f-89b6-6589-805a-083164672274	2023-09-01 09:45:09.240706+00	\N	2023-09-01 09:45:10.030137+00	\N
88451f36-bb12-4b66-b5b6-7044317c543c	CASA1850540250	CASA_ACCOUNT	XE_SAVINGS_INR	ACCOUNT_STATUS_OPEN	4ed943f3-b1be-417f-eae1-74c0e6f0042d	2023-09-04 06:26:26.334617+00	\N	2023-09-04 06:26:29.486676+00	\N
15623501-8f8c-4de6-8d7b-0a5f8e490414	CASA1145722890	CASA_ACCOUNT	XE_SAVINGS_INR	ACCOUNT_STATUS_OPEN	06c6807b-6a58-e51b-9a3c-ea0552cab860	2023-09-04 09:12:48.758283+00	\N	2023-09-04 09:12:50.040343+00	\N
6921a096-173b-41b5-aa09-d759c847175f	CASA0055046028	CASA_ACCOUNT	XE_SAVINGS_INR	ACCOUNT_STATUS_OPEN	ce561833-0b09-7663-eb21-0160aa835645	2023-09-04 09:29:15.118485+00	\N	2023-09-04 09:29:15.938239+00	\N
f1be6585-0e91-46f2-9ee7-1b651b3b1718	CASA0403859538	CASA_ACCOUNT	XE_SAVINGS_INR	ACCOUNT_STATUS_OPEN	9c6f3a54-c169-808c-df76-8d75cc786799	2023-09-04 09:56:05.955474+00	\N	2023-09-04 09:56:06.729861+00	\N
2aff8080-e85d-4f8a-af6f-88459d3833b5	CASA0373919001	CASA_ACCOUNT	XE_SAVINGS_INR	ACCOUNT_STATUS_OPEN	2b1e6b5e-f9b0-0277-239a-5cdf15be9943	2023-09-04 10:28:50.257+00	\N	2023-09-04 10:28:51.132292+00	\N
c90feb81-ce03-42f7-9aae-db743347a5d0	CASA0256345835	CASA_ACCOUNT	XE_SAVINGS_INR	ACCOUNT_STATUS_OPEN	be0b3208-4ef6-1ba7-17d3-e62c29a9c365	2023-09-04 10:31:03.040833+00	\N	2023-09-04 10:31:03.749546+00	\N
2af8fd81-d605-4673-9d14-e862311667d5	CASA1869718746	CASA_ACCOUNT	XE_SAVINGS_INR	ACCOUNT_STATUS_OPEN	5d56861f-213b-e7a7-5495-4786baee43db	2023-09-04 10:33:23.64224+00	\N	2023-09-04 10:33:24.432746+00	\N
40ebe0dc-3e7d-48ae-8d2f-eb4358d8bb45	CASA0191276410	CASA_ACCOUNT	XE_SAVINGS_INR	ACCOUNT_STATUS_OPEN	1999de2d-b2db-f42e-6694-edace40b5aa8	2023-09-04 10:33:50.639041+00	\N	2023-09-04 10:33:51.336936+00	\N
d9a453d1-730f-4f1d-bb98-457d0d424720	CASA0158581076	CASA_ACCOUNT	XE_SAVINGS_INR	ACCOUNT_STATUS_OPEN	7c785809-e149-2eea-244a-2e886a63ef9b	2023-09-04 10:35:33.412857+00	\N	2023-09-04 10:35:34.059416+00	\N
ad0f6890-0ea2-4551-9747-5617993175ae	CASA0865885409	CASA_ACCOUNT	XE_SAVINGS_INR	ACCOUNT_STATUS_OPEN	9f3cfb3e-d262-820c-adef-b51af64cb8aa	2023-09-04 10:35:52.296027+00	\N	2023-09-04 10:35:52.920366+00	\N
160efd10-09b7-4c26-a784-96240e6264aa	CASA1255345590	CASA_ACCOUNT	XE_SAVINGS_INR	ACCOUNT_STATUS_OPEN	4d2321a6-2f6a-df43-0870-c6387759bd77	2023-09-04 10:37:27.608929+00	\N	2023-09-04 10:37:28.264707+00	\N
df5da807-f627-4224-8741-d2f899959ca5	CASA0058441789	CASA_ACCOUNT	XE_SAVINGS_INR	ACCOUNT_STATUS_OPEN	b0e85ca6-f265-6c46-1c6e-664fd846e577	2023-09-05 06:51:42.27425+00	\N	2023-09-05 06:51:43.214289+00	\N
c11934bd-4643-4e22-8c11-a3f8d9738ab4	CASA0037542161	CASA_ACCOUNT	XE_SAVINGS_INR	ACCOUNT_STATUS_OPEN	d9d59bf7-e9ef-199e-2832-5d17e25c394e	2023-09-05 06:53:18.092241+00	\N	2023-09-05 06:53:18.773919+00	\N
d41eee03-e05e-4c6d-af2f-4c51b3f943ef	CASA1740402602	CASA_ACCOUNT	XE_SAVINGS_INR	ACCOUNT_STATUS_OPEN	1ce9e7fd-b41d-0bf2-22aa-d83b7e3866f7	2023-09-05 06:53:53.275482+00	\N	2023-09-05 06:53:54.002449+00	\N
933a5c01-fe86-4b4d-96f5-68b071d4ceff	CASA0920958838	CASA_ACCOUNT	XE_SAVINGS_INR	ACCOUNT_STATUS_OPEN	82d66c28-a006-2c4b-f0c2-bc13aaae9c65	2023-09-05 06:54:43.390086+00	\N	2023-09-05 06:54:44.076216+00	\N
c1c9c250-f8d8-4562-9e93-00d07e7466a6	CASA0941118482	CASA_ACCOUNT	XE_SAVINGS_INR	ACCOUNT_STATUS_OPEN	1454bd8d-5419-dd1b-b754-283ddedd5fb2	2023-09-05 06:58:44.425972+00	\N	2023-09-05 06:58:45.303596+00	\N
64b1fc1d-66a4-470f-b2f7-0bb8356c6e6a	CASA0897229697	CASA_ACCOUNT	XE_SAVINGS_INR	ACCOUNT_STATUS_OPEN	1b1d0fa4-2200-4b91-ff73-d66d02e0cf67	2023-09-05 06:59:19.788107+00	\N	2023-09-05 06:59:20.423951+00	\N
eca02977-8b9a-452d-8799-3972cd9e5aee	CASA0269430460	CASA_ACCOUNT	XE_SAVINGS_INR	ACCOUNT_STATUS_OPEN	8515e911-d9b5-578d-cfd5-88862b846960	2023-09-05 07:00:10.888873+00	\N	2023-09-05 07:00:11.53192+00	\N
dc458824-7353-4a85-bdac-75c45beffc72	CASA1036233732	CASA_ACCOUNT	XE_SAVINGS_INR	ACCOUNT_STATUS_OPEN	906f56bd-a352-ea3e-0daf-3aefc02be70a	2023-09-05 07:00:33.618804+00	\N	2023-09-05 07:00:34.271049+00	\N
86b457c5-10d4-4976-8a7e-a278e872705b	CASA0042107948	CASA_ACCOUNT	XE_SAVINGS_INR	ACCOUNT_STATUS_OPEN	31c6ba52-1af6-cf7c-bdef-03cac6242197	2023-09-05 07:08:49.364449+00	\N	2023-09-05 07:08:50.101661+00	\N
283bb7cc-e85c-4f97-916b-fe96bea20b36	CASA0962922885	CASA_ACCOUNT	XE_SAVINGS_INR	ACCOUNT_STATUS_OPEN	8aba28f8-09f0-1105-2b40-5cce2a9f70ff	2023-09-05 07:08:57.534696+00	\N	2023-09-05 07:08:58.169726+00	\N
d254723d-2263-47a0-9e4e-5d4b6d4fd62c	CASA1415406077	CASA_ACCOUNT	XE_SAVINGS_INR	ACCOUNT_STATUS_OPEN	c041e17a-fdb5-972f-1765-b5e93398c4da	2023-09-05 07:15:38.440203+00	\N	2023-09-05 07:15:39.499469+00	\N
71dd9dbe-f718-4f35-bad5-fd43d196182b	CASA0361335638	CASA_ACCOUNT	XE_SAVINGS_INR	ACCOUNT_STATUS_OPEN	72d43db8-eeeb-080e-5bd4-c8d417c83ffa	2023-09-05 07:17:31.142184+00	\N	2023-09-05 07:17:31.790149+00	\N
4f79daa1-7723-4bd3-836d-168dfadc155f	CASA2024857382	CASA_ACCOUNT	XE_SAVINGS_INR	ACCOUNT_STATUS_OPEN	8ee7733d-3e03-9594-1e03-9de5e508d6f7	2023-09-05 07:19:21.566047+00	\N	2023-09-05 07:19:22.216749+00	\N
9da58336-47b2-4f2c-a038-9bdcbb490d66	CASA2113573845	CASA_ACCOUNT	XE_SAVINGS_INR	ACCOUNT_STATUS_OPEN	228ad2eb-d73e-c85c-3d1b-2930dc1f4476	2023-09-05 07:20:38.879785+00	\N	2023-09-05 07:20:39.699657+00	\N
4a171d9f-9a2c-4abd-a5cd-8b0f8ff28e3d	CASA0090573233	CASA_ACCOUNT	XE_SAVINGS_INR	ACCOUNT_STATUS_OPEN	f76ed3f9-94dc-4dfe-4ca7-a5f9e2f8cb54	2023-09-05 07:24:00.183564+00	\N	2023-09-05 07:24:00.859886+00	\N
b953ceaf-27cc-4f8c-ab81-7d10ff246449	CASA1031547809	CASA_ACCOUNT	XE_SAVINGS_INR	ACCOUNT_STATUS_OPEN	37c78e54-4463-277c-f10e-f1df1216c598	2023-09-05 07:31:26.381235+00	\N	2023-09-05 07:31:27.068296+00	\N
0aa0469b-3dc9-4a78-a589-ebdb56fd1420	CASA1934393664	CASA_ACCOUNT	XE_SAVINGS_INR	ACCOUNT_STATUS_OPEN	608f4223-764b-1701-19db-bde21e5cedff	2023-09-05 07:33:39.26589+00	\N	2023-09-05 07:33:39.952971+00	\N
bd5b7ce6-6814-40df-a631-1dc81232d7a8	CASA0623638343	CASA_ACCOUNT	XE_SAVINGS_INR	ACCOUNT_STATUS_OPEN	68b54dfe-0501-2136-777e-5fcfa038ac80	2023-09-05 07:33:49.009189+00	\N	2023-09-05 07:33:49.75307+00	\N
5d16c8eb-c77f-4db3-8d4d-38239e41984d	CASA0296261764	CASA_ACCOUNT	XE_SAVINGS_INR	ACCOUNT_STATUS_OPEN	9ff8e2b2-ec1d-fcfc-2c17-99fcb183ac1b	2023-09-05 07:39:45.737284+00	\N	2023-09-05 07:39:46.420602+00	\N
f0e521b1-80cb-48a3-b240-8748a008cb3e	CASA0627205092	CASA_ACCOUNT	XE_SAVINGS_INR	ACCOUNT_STATUS_OPEN	1f9dda27-e190-fe2a-5b9e-5975d9a33955	2023-09-05 07:43:48.38682+00	\N	2023-09-05 07:43:49.313529+00	\N
b9804342-c33a-4148-b9f7-47ef8774ebac	CASA1559442159	CASA_ACCOUNT	XE_SAVINGS_INR	ACCOUNT_STATUS_OPEN	854bffa6-e152-5b3a-8cbd-30d96d6e0590	2023-09-05 07:44:58.218959+00	\N	2023-09-05 07:44:58.8597+00	\N
d6d79d91-a872-47ff-8de6-d8f6b4fc9ae0	CASA1720075600	CASA_ACCOUNT	XE_SAVINGS_INR	ACCOUNT_STATUS_OPEN	3c9c30b9-f84c-83e6-8b3d-0d7655a21bb2	2023-09-05 07:57:57.740996+00	\N	2023-09-05 07:57:58.617719+00	\N
d3dbd21b-75d0-4ec3-8355-4018526df819	CASA0318560072	CASA_ACCOUNT	XE_SAVINGS_INR	ACCOUNT_STATUS_OPEN	2f07a597-93d6-6439-d56c-d9a395fd2cb4	2023-09-05 07:58:52.465299+00	\N	2023-09-05 07:58:53.151563+00	\N
11541cd4-8711-4c6c-9241-426413988b5c	CASA1821404027	CASA_ACCOUNT	XE_SAVINGS_INR	ACCOUNT_STATUS_OPEN	be96360f-206a-ae70-9e70-7294ba0cc88a	2023-09-05 07:59:23.806919+00	\N	2023-09-05 07:59:24.505695+00	\N
eec29ee7-0ed3-4fbe-8132-554f6a414694	CASA0619773993	CASA_ACCOUNT	XE_SAVINGS_INR	ACCOUNT_STATUS_OPEN	f82df4a7-b4a2-b5ec-da1d-6cfc0b6b80c4	2023-09-05 08:05:54.667425+00	\N	2023-09-05 08:05:55.340918+00	\N
93d7dea1-df44-4444-a2a9-b0d6bec648b6	CASA1288845734	CASA_ACCOUNT	XE_SAVINGS_INR	ACCOUNT_STATUS_OPEN	48fc3c3c-4671-4d53-0557-bd3fc712b4c7	2023-09-05 08:06:36.533814+00	\N	2023-09-05 08:06:37.228335+00	\N
e6a67811-e804-4a4b-b639-ca5ddb757e3b	CASA1513321084	CASA_ACCOUNT	XE_SAVINGS_INR	ACCOUNT_STATUS_OPEN	ae4693a9-ec68-01dd-624f-feb6fad02392	2023-09-05 08:14:32.472664+00	\N	2023-09-05 08:14:33.125676+00	\N
93d84850-9956-49c7-ace1-1022d4ca7f2f	CASA0202095088	CASA_ACCOUNT	XE_SAVINGS_INR	ACCOUNT_STATUS_OPEN	4ae1832a-8b6c-6ce6-ade4-3978380e4ddd	2023-09-05 08:20:35.595811+00	\N	2023-09-05 08:20:36.256833+00	\N
1b6b9625-339a-4c5d-970b-309d6a10fd92	CASA0950984738	CASA_ACCOUNT	XE_SAVINGS_INR	ACCOUNT_STATUS_OPEN	529862a4-01d9-e8c8-a24b-b2364e7d8d35	2023-09-05 08:23:30.637591+00	\N	2023-09-05 08:23:31.321365+00	\N
a43ef588-3236-444d-88c6-3d44844da18c	CASA1089086413	CASA_ACCOUNT	XE_SAVINGS_INR	ACCOUNT_STATUS_OPEN	4763d6da-7632-290f-1a65-4802bad9332c	2023-09-05 09:55:08.643713+00	\N	2023-09-05 09:55:11.310034+00	\N
900a04c0-f173-407a-9a74-b95c51aa58e2	CASA1006595769	CASA_ACCOUNT	XE_SAVINGS_INR	ACCOUNT_STATUS_OPEN	e01f077f-79ae-e69b-beb4-c54c8a3af161	2023-09-05 09:56:34.441978+00	\N	2023-09-05 09:56:35.190199+00	\N
e339dc87-4c3d-428e-8f0b-f1bb92ff948e	CASA0741787889	CASA_ACCOUNT	XE_SAVINGS_INR	ACCOUNT_STATUS_OPEN	04bc62bb-28ed-662f-0a4b-b1050858551b	2023-09-05 10:03:32.898868+00	\N	2023-09-05 10:03:33.802557+00	\N
1eb571e8-fcc0-4164-9d9f-950f9f1e0cda	CASA1020679541	CASA_ACCOUNT	XE_SAVINGS_INR	ACCOUNT_STATUS_OPEN	2278b288-9ebf-b655-2daf-108df395754c	2023-09-05 11:50:20.04106+00	\N	2023-09-05 11:50:22.680348+00	\N
c25577d1-f38a-4707-8024-ffa5b41acfe0	CASA0665193001	CASA_ACCOUNT	XE_SAVINGS_INR	ACCOUNT_STATUS_OPEN	b461b9ae-8be7-7288-be00-151b6eed6322	2023-09-05 12:14:22.862536+00	\N	2023-09-05 12:14:23.582635+00	\N
1024a11a-1d68-436b-bc27-615b425a616a	CASA0728498052	CASA_ACCOUNT	XE_SAVINGS_INR	ACCOUNT_STATUS_OPEN	25f4f10f-59d5-96fb-503a-a4b4bfb52f17	2023-09-05 12:15:16.038478+00	\N	2023-09-05 12:15:16.893739+00	\N
50ec6914-731b-4d13-a166-b4ad72531856	CASA1448250473	CASA_ACCOUNT	XE_SAVINGS_INR	ACCOUNT_STATUS_OPEN	f7ee9d61-7f5d-25cd-94e4-02a15d1b5644	2023-09-06 05:45:22.60518+00	\N	2023-09-06 05:45:26.011882+00	\N
c08400b7-1aeb-4e3c-9034-f5fa3d9fa08a	CASA1763912528	CASA_ACCOUNT	XE_SAVINGS_INR	ACCOUNT_STATUS_OPEN	0cbeea58-5c75-dfaf-851f-d58b540e2880	2023-09-06 11:54:28.862082+00	\N	2023-09-06 11:54:32.27518+00	\N
7cad1693-38d0-4682-a56b-bcecc1b2f0e5	CASA1403770438	CASA_ACCOUNT	XE_SAVINGS_INR	ACCOUNT_STATUS_OPEN	f7d62ed3-e15f-ff83-ef9f-3aad1c7ab183	2023-09-06 12:03:40.209411+00	\N	2023-09-06 12:03:40.978033+00	\N
a458554f-f473-4258-87ab-8f9f8ed512bf	CASA0303082576	CASA_ACCOUNT	XE_SAVINGS_INR	ACCOUNT_STATUS_OPEN	c7d402fd-72c4-4dc4-b549-fb2afde84b5b	2023-09-06 14:50:49.407283+00	\N	2023-09-06 14:50:52.389093+00	\N
68e3d48e-0789-457c-99d7-19960603ca17	CASA0206114157	CASA_ACCOUNT	XE_SAVINGS_INR	ACCOUNT_STATUS_OPEN	63810bed-f4b6-f696-8fee-c62cba5ba2e9	2023-09-06 15:01:16.646951+00	\N	2023-09-06 15:01:17.557017+00	\N
d450a492-a732-4545-b662-253f5cd8a82a	CASA1150120594	CASA_ACCOUNT	XE_SAVINGS_INR	ACCOUNT_STATUS_OPEN	cc8966b7-d991-cece-dba6-4a195f25381b	2023-09-07 04:43:06.736205+00	\N	2023-09-07 04:43:10.531774+00	\N
46b9553e-bdf1-49bf-82a9-d4348715860a	CASA1537653708	CASA_ACCOUNT	XE_SAVINGS_INR	ACCOUNT_STATUS_OPEN	6aac4fa5-2329-4879-fea1-38eef40a4e7b	2023-09-07 04:46:59.582913+00	\N	2023-09-07 04:47:00.261623+00	\N
9b6ab5c8-194b-4409-8af6-a29b3dd05a57	CASA0707910047	CASA_ACCOUNT	XE_SAVINGS_INR	ACCOUNT_STATUS_OPEN	54ba4304-b0e5-ada7-3bb2-0a86a70271b0	2023-09-11 04:47:23.759323+00	\N	2023-09-11 04:47:26.337797+00	\N
f5cd0671-57ae-47d9-bda8-a5e6801b2fcb	CASA2124579066	CASA_ACCOUNT	XE_SAVINGS_INR	ACCOUNT_STATUS_OPEN	bde740d1-448e-35b2-aed9-03ceda5e94a3	2023-09-12 13:48:35.275155+00	\N	2023-09-12 13:48:37.863815+00	\N
b4169ec7-b3d9-4c0e-a3e6-11b1cd7b8d7b	CASA0033491692	CASA_ACCOUNT	XE_SAVINGS_INR	ACCOUNT_STATUS_OPEN	188fa526-979b-8cf6-eaa1-822ef128cb9a	2023-09-15 13:22:58.823274+00	\N	2023-09-15 13:23:01.702239+00	\N
e0575831-a5fd-4ed4-9615-5884bc9b80cb	CASA0725152254	CASA_ACCOUNT	XE_SAVINGS_INR	ACCOUNT_STATUS_OPEN	17e50e7c-89a9-4c07-2205-ce6229ce9985	2023-09-15 16:02:53.85293+00	\N	2023-09-15 16:02:54.644133+00	\N
6d8411bb-d2d6-4945-9bb7-17128ac91c1f	CASA0412748056	CASA_ACCOUNT	XE_SAVINGS_INR	ACCOUNT_STATUS_OPEN	8e2c2a25-d9a0-13cd-f4e1-b08f4f12bcad	2023-09-15 16:10:26.567714+00	\N	2023-09-15 16:10:27.34249+00	\N
a199ff90-84e8-445c-ac12-e15fd077bfaa	CASA2064468707	CASA_ACCOUNT	XE_SAVINGS_INR	ACCOUNT_STATUS_OPEN	53c04cbe-a4c4-580a-2dfe-491fc7e3bf24	2023-09-21 17:20:15.830017+00	\N	2023-09-21 17:20:18.347611+00	\N
2cd04695-4e4a-475f-81d5-4a474db7b6e2	CASA1259036008	CASA_ACCOUNT	XE_SAVINGS_INR	ACCOUNT_STATUS_OPEN	518bf8bb-b343-5536-3c96-dddce7f7bb46	2023-09-25 09:23:10.079711+00	\N	2023-09-25 09:23:13.066174+00	\N
cfa09c4d-b82d-436c-896b-1772127dce6e	CASA1847018814	CASA_ACCOUNT	XE_SAVINGS_INR	ACCOUNT_STATUS_OPEN	0be18ec0-05b8-1c0b-7b98-37aee4ecfb74	2023-09-27 09:45:14.87654+00	\N	2023-09-27 09:45:17.863929+00	\N
15a17265-ab4e-40a4-a72c-c987e5be4508	CASA1861855205	CASA_ACCOUNT	XE_SAVINGS_INR	ACCOUNT_STATUS_OPEN	d73c51b7-710c-960c-3fbe-691e0f8622b5	2023-09-27 09:49:22.536711+00	\N	2023-09-27 09:49:23.349544+00	\N
c9d67df8-c3df-4a10-83c0-ff698347196d	CASA1277486961	CASA_ACCOUNT	XE_SAVINGS_INR	ACCOUNT_STATUS_OPEN	82abdec3-028b-aed8-d31a-662a18f2bc10	2023-09-27 09:55:45.988179+00	\N	2023-09-27 09:55:46.790081+00	\N
4aa880f1-9e3f-4d53-a2ed-48a6275a75da	CASA0881209105	CASA_ACCOUNT	XE_SAVINGS_INR	ACCOUNT_STATUS_OPEN	97e742ff-d482-2548-23df-5f4f60467204	2023-09-27 09:58:16.115784+00	\N	2023-09-27 09:58:16.944095+00	\N
774e92b9-bf2d-47cf-a165-9b8f9d50b6a5	CASA0036596671	CASA_ACCOUNT	XE_SAVINGS_INR	ACCOUNT_STATUS_OPEN	fde7e8fa-bf7b-b795-d482-ef3f63a2dd3c	2023-09-27 10:01:10.503939+00	\N	2023-09-27 10:01:11.280996+00	\N
4a493671-a35f-4af6-baba-a272b296bd84	CASA0441663036	CASA_ACCOUNT	XE_SAVINGS_INR	ACCOUNT_STATUS_OPEN	0e10d7a6-239c-817c-5ed7-91aeec6513f4	2023-09-27 11:30:40.336416+00	\N	2023-09-27 11:30:41.114133+00	\N
c639e7da-730c-4050-8e17-2bd5d0d326a3	CASA0039896321	CASA_ACCOUNT	XE_SAVINGS_INR	ACCOUNT_STATUS_OPEN	f0bad04a-60bb-cafc-044c-4df589071878	2023-09-29 08:25:10.602995+00	\N	2023-09-29 08:25:13.823639+00	\N
67a1cba9-553e-4074-aad7-ac838e186700	CASA0645414622	CASA_ACCOUNT	XE_SAVINGS_INR	ACCOUNT_STATUS_OPEN	dad695b7-34d5-ef88-86ac-424d41276483	2023-09-29 08:58:15.815594+00	\N	2023-09-29 08:58:16.623447+00	\N
40c8480f-419f-40b8-8a5c-5cf3efd08c48	CASA0593435400	CASA_ACCOUNT	XE_SAVINGS_INR	ACCOUNT_STATUS_OPEN	26c4744d-1138-55d0-ac50-05834d237214	2023-09-29 08:59:38.231266+00	\N	2023-09-29 08:59:39.15488+00	\N
\.


--
-- Data for Name: account_nominee_mapping; Type: TABLE DATA; Schema: public; Owner: postgres
--

COPY public.account_nominee_mapping (id, account_id, nominee_id, percentage, is_active, created_at, created_by, modified_at, modified_by) FROM stdin;
0dd084e3-275d-4146-b2dc-19261fa1f5ea	ba753db9-2ad2-497f-a7e6-b0270490a97d	1234	10	\N	2023-08-29 06:14:39.066739+00	\N	2023-08-29 06:14:39.066754+00	\N
5e18ed1a-80e7-46d6-812a-f348794a0e37	ba753db9-2ad2-497f-a7e6-b0270490a97d	233	10	\N	2023-08-29 06:14:39.067052+00	\N	2023-08-29 06:14:39.067059+00	\N
68a7870c-267a-48ec-87dc-d0231d365ca1	bed80f7b-6bb5-49fc-af86-39276394d01d	1234	10	\N	2023-08-31 07:41:38.503866+00	\N	2023-08-31 07:41:38.503968+00	\N
41ead517-d682-4f75-8f96-901785206956	bed80f7b-6bb5-49fc-af86-39276394d01d	233	10	\N	2023-08-31 07:41:38.572485+00	\N	2023-08-31 07:41:38.5725+00	\N
8a6be728-ba0a-417c-b32a-c353a3624397	114b81f4-4a28-4eb7-97ee-a22e0fd69031	1234	10	\N	2023-08-31 09:32:07.458117+00	\N	2023-08-31 09:32:07.458132+00	\N
0cb5d035-a8fd-4d73-b589-e336a2ecbbcb	114b81f4-4a28-4eb7-97ee-a22e0fd69031	233	10	\N	2023-08-31 09:32:07.458339+00	\N	2023-08-31 09:32:07.458343+00	\N
0fa1bcab-73dd-4dbe-b5fa-d5df111518d0	681f64f3-be5b-49f6-8f67-8c5a409a6c9e	1234	10	\N	2023-09-01 07:22:33.121874+00	\N	2023-09-01 07:22:33.121895+00	\N
da05e25c-72ee-4a6e-bcde-373d746fc1c7	681f64f3-be5b-49f6-8f67-8c5a409a6c9e	233	10	\N	2023-09-01 07:22:33.122249+00	\N	2023-09-01 07:22:33.122257+00	\N
081ee1bf-1864-4b60-85ea-3b9573bf9bbc	5c7ad10f-c11a-492f-b498-ec6d1dd5c996	1234	10	\N	2023-09-01 09:45:10.034273+00	\N	2023-09-01 09:45:10.034286+00	\N
e5c0b869-3819-479a-94c3-b5b8b754a0bf	5c7ad10f-c11a-492f-b498-ec6d1dd5c996	233	10	\N	2023-09-01 09:45:10.034744+00	\N	2023-09-01 09:45:10.034753+00	\N
71201e9a-20b5-44d1-b27c-2390be0ac6e5	88451f36-bb12-4b66-b5b6-7044317c543c	1234	10	\N	2023-09-04 06:26:29.555678+00	\N	2023-09-04 06:26:29.555698+00	\N
3c04c8ce-2b3c-46b9-8c57-ce81634fc93c	88451f36-bb12-4b66-b5b6-7044317c543c	233	10	\N	2023-09-04 06:26:29.55597+00	\N	2023-09-04 06:26:29.555977+00	\N
48490fa7-5c9a-494e-aab8-fa776627e070	15623501-8f8c-4de6-8d7b-0a5f8e490414	1234	10	\N	2023-09-04 09:12:50.042334+00	\N	2023-09-04 09:12:50.042348+00	\N
46e6bc6a-2715-4c9b-b4fd-cb581f7b486b	15623501-8f8c-4de6-8d7b-0a5f8e490414	233	10	\N	2023-09-04 09:12:50.042731+00	\N	2023-09-04 09:12:50.042741+00	\N
31718533-6a5a-4aaa-a909-05112fba6cbc	6921a096-173b-41b5-aa09-d759c847175f	1234	10	\N	2023-09-04 09:29:15.940065+00	\N	2023-09-04 09:29:15.940077+00	\N
5bcc17b1-aff8-4901-a7a0-c75d65120428	6921a096-173b-41b5-aa09-d759c847175f	233	10	\N	2023-09-04 09:29:15.940496+00	\N	2023-09-04 09:29:15.940506+00	\N
6e12a823-d226-4881-a901-cd782c2c1fb2	f1be6585-0e91-46f2-9ee7-1b651b3b1718	1234	10	\N	2023-09-04 09:56:06.7315+00	\N	2023-09-04 09:56:06.73151+00	\N
afe03ffc-3d86-4566-8671-23bda6fbc838	f1be6585-0e91-46f2-9ee7-1b651b3b1718	233	10	\N	2023-09-04 09:56:06.731629+00	\N	2023-09-04 09:56:06.731632+00	\N
87f541a3-f516-45e8-b8af-7fc2bde4c534	2aff8080-e85d-4f8a-af6f-88459d3833b5	1234	10	\N	2023-09-04 10:28:51.133781+00	\N	2023-09-04 10:28:51.133788+00	\N
fb36339e-21dc-46dc-9de7-70617652b622	2aff8080-e85d-4f8a-af6f-88459d3833b5	233	10	\N	2023-09-04 10:28:51.133931+00	\N	2023-09-04 10:28:51.133935+00	\N
c2d85259-09a1-4dbb-a07b-02b9dce177d0	c90feb81-ce03-42f7-9aae-db743347a5d0	1234	10	\N	2023-09-04 10:31:03.751022+00	\N	2023-09-04 10:31:03.751029+00	\N
86c4ebfa-5b8f-4115-b7ff-9f72f1eeb23f	c90feb81-ce03-42f7-9aae-db743347a5d0	233	10	\N	2023-09-04 10:31:03.751179+00	\N	2023-09-04 10:31:03.751182+00	\N
adb03a1b-37b7-4b07-929f-55c6b5b9fd99	2af8fd81-d605-4673-9d14-e862311667d5	1234	10	\N	2023-09-04 10:33:24.438878+00	\N	2023-09-04 10:33:24.438889+00	\N
e6880f5e-f295-45ba-a641-5b8afaf0f916	2af8fd81-d605-4673-9d14-e862311667d5	233	10	\N	2023-09-04 10:33:24.439179+00	\N	2023-09-04 10:33:24.439185+00	\N
2b213fc4-ce22-43da-ac85-e445061cf095	40ebe0dc-3e7d-48ae-8d2f-eb4358d8bb45	1234	10	\N	2023-09-04 10:33:51.338768+00	\N	2023-09-04 10:33:51.338776+00	\N
ee230de8-7c8f-48b3-a950-dca3c2381cc7	d9a453d1-730f-4f1d-bb98-457d0d424720	1234	10	\N	2023-09-04 10:35:34.060866+00	\N	2023-09-04 10:35:34.060872+00	\N
f2b57dbb-1af3-407b-86d3-284e6918f2b7	ad0f6890-0ea2-4551-9747-5617993175ae	1234	10	\N	2023-09-04 10:35:52.921507+00	\N	2023-09-04 10:35:52.921513+00	\N
b84a0644-535d-409a-beed-a28b76c48a0b	160efd10-09b7-4c26-a784-96240e6264aa	1234	10	\N	2023-09-04 10:37:28.268977+00	\N	2023-09-04 10:37:28.268987+00	\N
a69623ec-0bb9-4c69-bd14-66fdfe2ba01c	df5da807-f627-4224-8741-d2f899959ca5	1234	10	\N	2023-09-05 06:51:43.256409+00	\N	2023-09-05 06:51:43.256422+00	\N
89ba7002-4dd8-4401-9acc-769f96c03100	c11934bd-4643-4e22-8c11-a3f8d9738ab4	1234	10	\N	2023-09-05 06:53:18.776555+00	\N	2023-09-05 06:53:18.776566+00	\N
1736a3b0-8ad6-4841-9dbb-cfb61c813bb9	d41eee03-e05e-4c6d-af2f-4c51b3f943ef	1234	10	\N	2023-09-05 06:53:54.004018+00	\N	2023-09-05 06:53:54.004027+00	\N
c5edf829-26fd-42f7-ad9a-9419bf53e512	933a5c01-fe86-4b4d-96f5-68b071d4ceff	1234	10	\N	2023-09-05 06:54:44.085164+00	\N	2023-09-05 06:54:44.085174+00	\N
847b44d6-c43a-4ee7-bc8c-98c7f93352a7	c1c9c250-f8d8-4562-9e93-00d07e7466a6	1234	10	\N	2023-09-05 06:58:45.309675+00	\N	2023-09-05 06:58:45.309685+00	\N
13a64fff-0f22-42fc-94c0-ac0db41139f3	64b1fc1d-66a4-470f-b2f7-0bb8356c6e6a	1234	10	\N	2023-09-05 06:59:20.425463+00	\N	2023-09-05 06:59:20.425473+00	\N
0ff7374b-2ad1-464b-872c-53a0e1c3b6d7	eca02977-8b9a-452d-8799-3972cd9e5aee	1234	10	\N	2023-09-05 07:00:11.533077+00	\N	2023-09-05 07:00:11.533084+00	\N
a618ba91-c167-4f2b-8d3e-098f2a58cd07	dc458824-7353-4a85-bdac-75c45beffc72	1234	10	\N	2023-09-05 07:00:34.272762+00	\N	2023-09-05 07:00:34.27277+00	\N
8a2c5e3c-c6ca-4209-a438-7ca0d1ba3165	86b457c5-10d4-4976-8a7e-a278e872705b	1234	10	\N	2023-09-05 07:08:50.102609+00	\N	2023-09-05 07:08:50.102616+00	\N
50826115-c22c-44f9-a9d3-b5db6334bbbd	283bb7cc-e85c-4f97-916b-fe96bea20b36	1234	10	\N	2023-09-05 07:08:58.172927+00	\N	2023-09-05 07:08:58.173193+00	\N
ad4642a2-7ff5-4d5f-bfbf-fe3819b2a5af	d254723d-2263-47a0-9e4e-5d4b6d4fd62c	1234	10	\N	2023-09-05 07:15:39.50068+00	\N	2023-09-05 07:15:39.500693+00	\N
7f5cfdc5-5ec5-49f4-9e57-e6bb9a9f5bf9	71dd9dbe-f718-4f35-bad5-fd43d196182b	1234	10	\N	2023-09-05 07:17:31.800085+00	\N	2023-09-05 07:17:31.800094+00	\N
1eef4cae-4202-4b97-ba84-c41e43588505	4f79daa1-7723-4bd3-836d-168dfadc155f	1234	10	\N	2023-09-05 07:19:22.217818+00	\N	2023-09-05 07:19:22.217825+00	\N
d7007fce-43f1-480d-92bb-14bbf5ce1092	9da58336-47b2-4f2c-a038-9bdcbb490d66	1234	10	\N	2023-09-05 07:20:39.700424+00	\N	2023-09-05 07:20:39.700428+00	\N
09e0c5eb-58c9-47c9-b647-fb5e9814d462	4a171d9f-9a2c-4abd-a5cd-8b0f8ff28e3d	1234	10	\N	2023-09-05 07:24:00.861089+00	\N	2023-09-05 07:24:00.861097+00	\N
9f80a3eb-f34e-4bf0-91fb-c112f24fd23e	b953ceaf-27cc-4f8c-ab81-7d10ff246449	1234	10	\N	2023-09-05 07:31:27.06908+00	\N	2023-09-05 07:31:27.069084+00	\N
6951a295-8964-4a8c-9deb-d315dddac61b	0aa0469b-3dc9-4a78-a589-ebdb56fd1420	1234	10	\N	2023-09-05 07:33:39.955494+00	\N	2023-09-05 07:33:39.955502+00	\N
dddbfcc6-1e52-4c06-8797-4b3851a4e975	bd5b7ce6-6814-40df-a631-1dc81232d7a8	1234	10	\N	2023-09-05 07:33:49.754474+00	\N	2023-09-05 07:33:49.754482+00	\N
8c232ecd-6e0c-46d5-910c-fa6a0118e3ab	5d16c8eb-c77f-4db3-8d4d-38239e41984d	1234	10	\N	2023-09-05 07:39:46.421897+00	\N	2023-09-05 07:39:46.421906+00	\N
ebed051f-fdbf-4892-a668-5b7d159fa35e	f0e521b1-80cb-48a3-b240-8748a008cb3e	1234	10	\N	2023-09-05 07:43:49.314805+00	\N	2023-09-05 07:43:49.314814+00	\N
6f855df6-a986-4692-8699-94bfef3b44da	b9804342-c33a-4148-b9f7-47ef8774ebac	1234	10	\N	2023-09-05 07:44:58.860923+00	\N	2023-09-05 07:44:58.860933+00	\N
0ef5b405-d446-4daa-ba61-a3d6f0ca60e5	d6d79d91-a872-47ff-8de6-d8f6b4fc9ae0	1234	10	\N	2023-09-05 07:57:58.619168+00	\N	2023-09-05 07:57:58.619176+00	\N
ae766c32-51dc-4127-a26e-c12160e03311	d3dbd21b-75d0-4ec3-8355-4018526df819	1234	10	\N	2023-09-05 07:58:53.152525+00	\N	2023-09-05 07:58:53.15253+00	\N
b1d5bc5c-4b3e-42c8-9008-017ee3325026	11541cd4-8711-4c6c-9241-426413988b5c	1234	10	\N	2023-09-05 07:59:24.506616+00	\N	2023-09-05 07:59:24.506623+00	\N
6bc6e570-76ff-4a6f-8333-71bc4acae116	eec29ee7-0ed3-4fbe-8132-554f6a414694	1234	10	\N	2023-09-05 08:05:55.341674+00	\N	2023-09-05 08:05:55.341678+00	\N
c1cdeb50-a217-4d0a-a35f-6a409c1440a8	93d7dea1-df44-4444-a2a9-b0d6bec648b6	1234	10	\N	2023-09-05 08:06:37.229085+00	\N	2023-09-05 08:06:37.22909+00	\N
bfd5d296-21cb-4021-a8e3-5918343a98cd	e6a67811-e804-4a4b-b639-ca5ddb757e3b	1234	10	\N	2023-09-05 08:14:33.126926+00	\N	2023-09-05 08:14:33.126956+00	\N
12743491-1fdc-495d-897d-af2c2113af5e	93d84850-9956-49c7-ace1-1022d4ca7f2f	1234	10.1	\N	2023-09-05 08:20:36.25791+00	\N	2023-09-05 08:20:36.25792+00	\N
766b6029-e437-4c91-bbe6-f8363476cbef	1b6b9625-339a-4c5d-970b-309d6a10fd92	1234	10.1	\N	2023-09-05 08:23:31.322552+00	\N	2023-09-05 08:23:31.32256+00	\N
b4ed5780-93f2-4fef-915a-0b2bd1d84a3a	a43ef588-3236-444d-88c6-3d44844da18c	1234	10	\N	2023-09-05 09:55:11.345082+00	\N	2023-09-05 09:55:11.345099+00	\N
0495c86b-b64b-4962-9610-3963e1aef3bb	900a04c0-f173-407a-9a74-b95c51aa58e2	1234	10	\N	2023-09-05 09:56:35.193973+00	\N	2023-09-05 09:56:35.193988+00	\N
20f42328-90f1-461c-9bc2-32908e0c004f	e339dc87-4c3d-428e-8f0b-f1bb92ff948e	1234	10	\N	2023-09-05 10:03:33.803883+00	\N	2023-09-05 10:03:33.803892+00	\N
42b64d04-82a7-4469-aab4-9916dd5540ee	1eb571e8-fcc0-4164-9d9f-950f9f1e0cda	1234	10.1	\N	2023-09-05 11:50:22.753652+00	\N	2023-09-05 11:50:22.753668+00	\N
a30ebb67-5958-42a5-a24e-efa493cefb08	c25577d1-f38a-4707-8024-ffa5b41acfe0	1234	10.1	\N	2023-09-05 12:14:23.584064+00	\N	2023-09-05 12:14:23.584071+00	\N
ac2e1ae1-1ccc-4a07-8263-806caed639ae	1024a11a-1d68-436b-bc27-615b425a616a	1234	10.1	\N	2023-09-05 12:15:16.894867+00	\N	2023-09-05 12:15:16.894873+00	\N
d5a01d63-8443-49fa-bce7-f2ad74093387	50ec6914-731b-4d13-a166-b4ad72531856	1234	10.1	\N	2023-09-06 05:45:26.111296+00	\N	2023-09-06 05:45:26.111313+00	\N
ea0bf8ad-1c58-49d5-839a-7675e24c331d	c08400b7-1aeb-4e3c-9034-f5fa3d9fa08a	1234	10.1	\N	2023-09-06 11:54:32.371994+00	\N	2023-09-06 11:54:32.372013+00	\N
c11ff332-eded-4f56-8ad2-f38b12d3789a	7cad1693-38d0-4682-a56b-bcecc1b2f0e5	1234	10.1	\N	2023-09-06 12:03:40.97977+00	\N	2023-09-06 12:03:40.979781+00	\N
c6eb88b2-fcac-4280-9c20-c78fd8bdbea0	a458554f-f473-4258-87ab-8f9f8ed512bf	1234	10.1	\N	2023-09-06 14:50:52.492256+00	\N	2023-09-06 14:50:52.492278+00	\N
13020117-84c3-4600-b144-f904401aa8dc	68e3d48e-0789-457c-99d7-19960603ca17	1234	10.1	\N	2023-09-06 15:01:17.558807+00	\N	2023-09-06 15:01:17.558819+00	\N
e8514815-d2f5-405d-98d5-3094d333678d	d450a492-a732-4545-b662-253f5cd8a82a	1234	10.1	\N	2023-09-07 04:43:10.639422+00	\N	2023-09-07 04:43:10.639437+00	\N
5454df6b-0763-4a69-861a-052f22594999	46b9553e-bdf1-49bf-82a9-d4348715860a	1234	10.1	\N	2023-09-07 04:47:00.265779+00	\N	2023-09-07 04:47:00.265792+00	\N
7d7ce4df-820c-49d2-afef-c3a9fde4cd43	9b6ab5c8-194b-4409-8af6-a29b3dd05a57	1234	10.1	\N	2023-09-11 04:47:26.37991+00	\N	2023-09-11 04:47:26.379923+00	\N
3d93a1bb-b8b1-446a-b16c-05b705f26066	f5cd0671-57ae-47d9-bda8-a5e6801b2fcb	1234	10	\N	2023-09-12 13:48:37.882633+00	\N	2023-09-12 13:48:37.882646+00	\N
b23a8f8b-b682-4676-9a88-7620a7a1d9f4	b4169ec7-b3d9-4c0e-a3e6-11b1cd7b8d7b	1234	10.1	\N	2023-09-15 13:23:01.805048+00	\N	2023-09-15 13:23:01.805062+00	\N
b97a0daf-b867-488f-aaeb-7e9da513940d	e0575831-a5fd-4ed4-9615-5884bc9b80cb	1234	10.1	\N	2023-09-15 16:02:54.645476+00	\N	2023-09-15 16:02:54.645483+00	\N
29dc8135-c5ea-475f-90a9-80f4b4ac9538	6d8411bb-d2d6-4945-9bb7-17128ac91c1f	1234	10.1	\N	2023-09-15 16:10:27.343677+00	\N	2023-09-15 16:10:27.343709+00	\N
dc4b4b01-849a-4506-982c-eb96e73b522c	a199ff90-84e8-445c-ac12-e15fd077bfaa	1234	10.1	\N	2023-09-21 17:20:18.452836+00	\N	2023-09-21 17:20:18.45285+00	\N
3e313cb2-6c55-4787-811a-e6d18eeb46bc	2cd04695-4e4a-475f-81d5-4a474db7b6e2	1234	10	\N	2023-09-25 09:23:13.163584+00	\N	2023-09-25 09:23:13.1636+00	\N
c2d18206-9bb4-44be-8917-c6b4b1378694	cfa09c4d-b82d-436c-896b-1772127dce6e	1234	10.1	\N	2023-09-27 09:45:17.958766+00	\N	2023-09-27 09:45:17.958786+00	\N
d41111cf-bf26-467d-b591-09123602705b	15a17265-ab4e-40a4-a72c-c987e5be4508	1234	10.1	\N	2023-09-27 09:49:23.353836+00	\N	2023-09-27 09:49:23.353847+00	\N
3b97bf24-9487-4aea-8f5a-7bbb0c3a1f73	c9d67df8-c3df-4a10-83c0-ff698347196d	1234	10.1	\N	2023-09-27 09:55:46.79147+00	\N	2023-09-27 09:55:46.791479+00	\N
b4d27abe-643d-4c28-8086-89b105279f78	4aa880f1-9e3f-4d53-a2ed-48a6275a75da	1234	10.1	\N	2023-09-27 09:58:16.945304+00	\N	2023-09-27 09:58:16.945311+00	\N
e81f0169-aab1-4774-a15b-e6099e9ffc39	774e92b9-bf2d-47cf-a165-9b8f9d50b6a5	1234	10.1	\N	2023-09-27 10:01:11.28473+00	\N	2023-09-27 10:01:11.28474+00	\N
1e8bb312-ff23-461e-b8e6-afc5ca3cec91	4a493671-a35f-4af6-baba-a272b296bd84	1234	10.1	\N	2023-09-27 11:30:41.115477+00	\N	2023-09-27 11:30:41.115486+00	\N
d6da0a94-1acc-4635-9e8c-95038bf9502e	c639e7da-730c-4050-8e17-2bd5d0d326a3	1234	10.1	\N	2023-09-29 08:25:14.014121+00	\N	2023-09-29 08:25:14.014141+00	\N
9340c44b-6f1a-40a3-b4e8-7fd8a8c1892b	67a1cba9-553e-4074-aad7-ac838e186700	1234	10.1	\N	2023-09-29 08:58:16.625643+00	\N	2023-09-29 08:58:16.625654+00	\N
250c9f80-b5ea-4d48-a787-18e9a85a79b9	40c8480f-419f-40b8-8a5c-5cf3efd08c48	1234	10.1	\N	2023-09-29 08:59:39.159461+00	\N	2023-09-29 08:59:39.159475+00	\N
\.


--
-- Data for Name: casa_account; Type: TABLE DATA; Schema: public; Owner: postgres
--

COPY public.casa_account (id, account_id, branch_code, denomination) FROM stdin;
865502a2-8d51-4bc6-8ee9-a4212804a7a6	ba753db9-2ad2-497f-a7e6-b0270490a97d	PYTM01	INR
fbe25b97-96c1-4527-a2a9-544afddead74	bed80f7b-6bb5-49fc-af86-39276394d01d	PYTM01	INR
b0c4b545-1629-4024-ae45-2134767c3877	114b81f4-4a28-4eb7-97ee-a22e0fd69031	PYTM01	INR
980cd270-080f-4e6c-8577-c2e777dc0d93	681f64f3-be5b-49f6-8f67-8c5a409a6c9e	PYTM01	INR
a4d61a88-7f9b-4d8a-8533-48955302b52e	5c7ad10f-c11a-492f-b498-ec6d1dd5c996	PYTM01	INR
9fff2a13-d2e1-4d78-aef5-1e197007e426	88451f36-bb12-4b66-b5b6-7044317c543c	PYTM01	INR
ab197629-1043-483e-9f07-470d6cda00fa	15623501-8f8c-4de6-8d7b-0a5f8e490414	PYTM01	INR
ceeef15c-bb79-4fbb-9d64-97ec83a3a4e6	6921a096-173b-41b5-aa09-d759c847175f	PYTM01	INR
6f792ed8-a620-4dcb-ba01-bc0c0d5dff8b	f1be6585-0e91-46f2-9ee7-1b651b3b1718	PYTM01	INR
4cf657f5-911a-4418-93c4-0b475a1240b8	2aff8080-e85d-4f8a-af6f-88459d3833b5	PYTM01	INR
7c2ba070-e682-46db-8929-58b739dd15cd	c90feb81-ce03-42f7-9aae-db743347a5d0	PYTM01	INR
bde207fc-2488-49f1-a78a-1288098647a2	2af8fd81-d605-4673-9d14-e862311667d5	PYTM01	INR
bd93d3e7-3938-4399-8612-9a6e1f48d031	40ebe0dc-3e7d-48ae-8d2f-eb4358d8bb45	PYTM01	INR
a6dee39c-e13f-490a-be65-c7517ba33efe	d9a453d1-730f-4f1d-bb98-457d0d424720	PYTM01	INR
51f4b76f-d47a-43b6-821b-f783b6989503	ad0f6890-0ea2-4551-9747-5617993175ae	PYTM01	INR
aebb4d8f-df00-497a-b746-0f5561fa72cf	160efd10-09b7-4c26-a784-96240e6264aa	PYTM01	INR
897e70d7-49d3-49ea-a72f-9c7e7352a0d3	df5da807-f627-4224-8741-d2f899959ca5	PYTM01	INR
61e3d15d-821f-481a-bcb5-8404a40b5d84	c11934bd-4643-4e22-8c11-a3f8d9738ab4	PYTM01	INR
58fe9f7e-827c-4bc2-8a9d-efecb341d232	d41eee03-e05e-4c6d-af2f-4c51b3f943ef	PYTM01	INR
b08b8cb4-0fa3-47e7-b620-84bcaee8b46a	933a5c01-fe86-4b4d-96f5-68b071d4ceff	PYTM01	INR
afd81431-3c26-4096-ab9c-9bbac732c564	c1c9c250-f8d8-4562-9e93-00d07e7466a6	PYTM01	INR
0e3b193d-5414-4ac1-a500-db9387f41640	64b1fc1d-66a4-470f-b2f7-0bb8356c6e6a	PYTM01	INR
2afdccd9-735b-4de0-be53-0c36b76e1c8c	eca02977-8b9a-452d-8799-3972cd9e5aee	PYTM01	INR
f35e7d92-1f9e-4a29-9979-cce0101d4a55	dc458824-7353-4a85-bdac-75c45beffc72	PYTM01	INR
a1ba3cf6-0549-4e59-ad8f-185c707006c8	86b457c5-10d4-4976-8a7e-a278e872705b	PYTM01	INR
2d8a6317-e775-4f68-a858-40f21119b75a	283bb7cc-e85c-4f97-916b-fe96bea20b36	PYTM01	INR
c39ccf06-3fe4-4225-947b-169ba7a6763a	d254723d-2263-47a0-9e4e-5d4b6d4fd62c	PYTM01	INR
1acdc6a0-fec6-49e7-b081-0753cb7f2231	71dd9dbe-f718-4f35-bad5-fd43d196182b	PYTM01	INR
1bae5633-5f08-4d0f-a498-819682e20f6c	4f79daa1-7723-4bd3-836d-168dfadc155f	PYTM01	INR
12c485f5-9f0e-4e90-86b8-a2af737cf250	9da58336-47b2-4f2c-a038-9bdcbb490d66	PYTM01	INR
fa655917-d9aa-4814-8ea0-3aab50c71ed9	4a171d9f-9a2c-4abd-a5cd-8b0f8ff28e3d	PYTM01	INR
a92d2196-ef1e-4899-b69f-f572a814b4f6	b953ceaf-27cc-4f8c-ab81-7d10ff246449	PYTM01	INR
196aba85-97ce-4081-8e64-6b1c830f09d3	0aa0469b-3dc9-4a78-a589-ebdb56fd1420	PYTM01	INR
ce1e34ac-7152-4f26-828a-59708510b9dd	bd5b7ce6-6814-40df-a631-1dc81232d7a8	PYTM01	INR
1798d0de-4ccf-4fe9-a50d-cfbc1e520c47	5d16c8eb-c77f-4db3-8d4d-38239e41984d	PYTM01	INR
4ee35d35-667d-4c14-b9a0-96f4fa32b348	f0e521b1-80cb-48a3-b240-8748a008cb3e	PYTM01	INR
c5fff299-6ba9-417c-8bcd-6608d6623a69	b9804342-c33a-4148-b9f7-47ef8774ebac	PYTM01	INR
bc3baa3f-fbb2-4ce9-aabe-b0e201e18b66	d6d79d91-a872-47ff-8de6-d8f6b4fc9ae0	PYTM01	INR
21c8934f-2441-4e75-943a-9425a4a6eeab	d3dbd21b-75d0-4ec3-8355-4018526df819	PYTM01	INR
afa08adf-6802-4b46-84d2-728f35c3bc2b	11541cd4-8711-4c6c-9241-426413988b5c	PYTM01	INR
70920d05-8136-4ed8-91ec-21eaf06e2740	eec29ee7-0ed3-4fbe-8132-554f6a414694	PYTM01	INR
c5c5fd3c-fcd6-4fe8-aed3-ca9452cca968	93d7dea1-df44-4444-a2a9-b0d6bec648b6	PYTM01	INR
a39ab693-7b3d-4aef-a19c-1a393515c443	e6a67811-e804-4a4b-b639-ca5ddb757e3b	PYTM01	INR
cd0365ae-222e-4153-948a-6031b7f5de6f	93d84850-9956-49c7-ace1-1022d4ca7f2f	PYTM01	INR
0f5a439a-6c9f-4ced-a1cd-68eb22473866	1b6b9625-339a-4c5d-970b-309d6a10fd92	PYTM01	INR
1a3eb98d-a0fd-407b-97fd-7757280ae30d	a43ef588-3236-444d-88c6-3d44844da18c	PYTM01	INR
2c146b09-6d87-4bb3-b499-0d7436fcff70	900a04c0-f173-407a-9a74-b95c51aa58e2	PYTM01	INR
9b0306bc-5dec-4ff0-8a13-c968277279db	e339dc87-4c3d-428e-8f0b-f1bb92ff948e	PYTM01	INR
bef84033-05f2-4055-acb4-9be27ea14260	1eb571e8-fcc0-4164-9d9f-950f9f1e0cda	PYTM01	INR
091ef83c-03da-4c83-b844-7fb10bea189d	c25577d1-f38a-4707-8024-ffa5b41acfe0	PYTM01	INR
be6215ec-ec91-4c35-b7e9-6fa7e896b72d	1024a11a-1d68-436b-bc27-615b425a616a	PYTM01	INR
0e1c99a0-645e-43c6-b6a3-c2b0bf83c75e	50ec6914-731b-4d13-a166-b4ad72531856	PYTM01	INR
8c10f7c2-c6dc-4fed-a246-58705c5be62c	c08400b7-1aeb-4e3c-9034-f5fa3d9fa08a	PYTM01	INR
6c1fb671-b5e2-4c9a-ae05-faeed2af2c0e	7cad1693-38d0-4682-a56b-bcecc1b2f0e5	PYTM01	INR
6db269a3-f6cd-4d5c-a878-58f536d37647	a458554f-f473-4258-87ab-8f9f8ed512bf	PYTM01	INR
48b32ea9-79fa-4bd1-bf1e-36b0ed3c7a6d	68e3d48e-0789-457c-99d7-19960603ca17	PYTM01	INR
c0b1cdd5-7e53-4d7b-b98d-c0a648aac0de	d450a492-a732-4545-b662-253f5cd8a82a	PYTM01	INR
ed71fb09-a3d3-4084-84f2-9a7af9c4afc2	46b9553e-bdf1-49bf-82a9-d4348715860a	PYTM01	INR
21a97da4-121f-41be-954a-20ecebadfc3e	9b6ab5c8-194b-4409-8af6-a29b3dd05a57	PYTM01	INR
e63ae7e0-0059-4277-addc-f16e69afe9cf	f5cd0671-57ae-47d9-bda8-a5e6801b2fcb	PYTM01	INR
233d8599-c953-44bd-a1ff-acf1c0deb679	b4169ec7-b3d9-4c0e-a3e6-11b1cd7b8d7b	PYTM01	INR
32fbbcd1-4bfe-4bd9-b70e-07ff83781fdd	e0575831-a5fd-4ed4-9615-5884bc9b80cb	PYTM01	INR
433e8610-139d-4372-a9ef-7d3006d5cb13	6d8411bb-d2d6-4945-9bb7-17128ac91c1f	PYTM01	INR
ac643438-ea9f-4f81-9854-5838ab5959f5	a199ff90-84e8-445c-ac12-e15fd077bfaa	PYTM01	INR
709f269a-7136-440c-9602-5d7e88e8c3cb	2cd04695-4e4a-475f-81d5-4a474db7b6e2	PYTM01	INR
72560cdd-0721-4341-af4f-1e8145c0d56b	cfa09c4d-b82d-436c-896b-1772127dce6e	PYTM01	INR
585b1996-9acd-4626-b774-fa605ef4a670	15a17265-ab4e-40a4-a72c-c987e5be4508	PYTM01	INR
40c5ba2d-e8eb-49d5-8ea9-c66a459c1c39	c9d67df8-c3df-4a10-83c0-ff698347196d	PYTM01	INR
9c1565c0-3f5e-4a74-aedf-d0b73db09f03	4aa880f1-9e3f-4d53-a2ed-48a6275a75da	PYTM01	INR
e3db5acb-9cb6-44db-95fc-4b14d8ff0e1e	774e92b9-bf2d-47cf-a165-9b8f9d50b6a5	PYTM01	INR
36945a78-71fb-4da9-865f-05ed370205fa	4a493671-a35f-4af6-baba-a272b296bd84	PYTM01	INR
9dc83f3e-59b9-477d-9429-fbb987797dd2	c639e7da-730c-4050-8e17-2bd5d0d326a3	PYTM01	INR
1b7b7461-98cb-4677-8f14-627a56990962	67a1cba9-553e-4074-aad7-ac838e186700	PYTM01	INR
5251caa4-ff9a-4ad4-9906-695f11dc7c18	40c8480f-419f-40b8-8a5c-5cf3efd08c48	PYTM01	INR
\.


--
-- Data for Name: customer_account_mapping; Type: TABLE DATA; Schema: public; Owner: postgres
--

COPY public.customer_account_mapping (id, customer_id, account_id, is_primary_holder) FROM stdin;
c1d7f342-547a-4f13-850e-2c488e30c4ba	3105	ba753db9-2ad2-497f-a7e6-b0270490a97d	t
9823416f-e161-4095-9aff-0ab9c948362e	3106	ba753db9-2ad2-497f-a7e6-b0270490a97d	t
89759dd2-895b-4639-be08-0a4cf1ce564d	3105	bed80f7b-6bb5-49fc-af86-39276394d01d	t
e647fe5e-7913-4532-b851-bed6d63c4686	3106	bed80f7b-6bb5-49fc-af86-39276394d01d	t
1168aa44-0012-47c8-9b0d-8ece2998b75b	3105	114b81f4-4a28-4eb7-97ee-a22e0fd69031	t
c90e5829-89c8-4202-8eba-d49a4aa53d54	3106	114b81f4-4a28-4eb7-97ee-a22e0fd69031	f
81cbec7f-1df0-4c99-936e-552914ca8c15	3105	681f64f3-be5b-49f6-8f67-8c5a409a6c9e	t
64eb7469-463c-4cc2-802f-a8b416ca2952	3106	681f64f3-be5b-49f6-8f67-8c5a409a6c9e	t
5716e052-3966-4c84-8c3f-8bd808e8859b	3105	5c7ad10f-c11a-492f-b498-ec6d1dd5c996	t
d7baedf1-eeb8-45f4-9877-b05699aa25f9	3106	5c7ad10f-c11a-492f-b498-ec6d1dd5c996	f
1f75edbb-5873-4309-8806-e909d1d3b372	3105	88451f36-bb12-4b66-b5b6-7044317c543c	t
2452acc7-0f51-444b-868a-f3f5dd6ea4a7	3106	88451f36-bb12-4b66-b5b6-7044317c543c	t
04e0655b-503d-489a-aa9b-73897ae74612	3105	15623501-8f8c-4de6-8d7b-0a5f8e490414	t
b59f8578-191b-4fbd-b14b-5b980ca76e4f	3106	15623501-8f8c-4de6-8d7b-0a5f8e490414	t
4da11268-5ee4-42ed-a21b-759fced427ff	3105	6921a096-173b-41b5-aa09-d759c847175f	t
a97e9f9e-30a6-476b-a752-41f6ea1846fb	3106	6921a096-173b-41b5-aa09-d759c847175f	t
bff5d5df-b595-4db7-9cac-b88933dcefd5	3105	f1be6585-0e91-46f2-9ee7-1b651b3b1718	t
5f1e83f5-a9de-4756-a60a-ae7ad1a4659a	3106	f1be6585-0e91-46f2-9ee7-1b651b3b1718	t
02a98434-6b90-4a73-8d43-1e4292e50509	3105	2aff8080-e85d-4f8a-af6f-88459d3833b5	t
c345076d-b38e-457a-93da-9c82bf5b1bed	3106	2aff8080-e85d-4f8a-af6f-88459d3833b5	t
0647e844-cf3a-4b9c-87b7-07c21285529d	3105	c90feb81-ce03-42f7-9aae-db743347a5d0	t
2e9eb37d-78b4-4a28-95a4-7a3979caeec2	3106	c90feb81-ce03-42f7-9aae-db743347a5d0	t
0f5d3e3e-f67e-44b3-b08e-48e065572a5a	3105	2af8fd81-d605-4673-9d14-e862311667d5	t
62b0c7d7-a5e1-46cd-b1ff-9059b2cfd7fe	3106	2af8fd81-d605-4673-9d14-e862311667d5	t
809b690a-6b67-439b-9ef7-8b6c60edfcce	3105	40ebe0dc-3e7d-48ae-8d2f-eb4358d8bb45	t
7cd58acf-54fc-41bb-b3f5-f43176ee7853	3105	d9a453d1-730f-4f1d-bb98-457d0d424720	t
b57464da-d927-4e1e-a0d5-649fcf9cc6e0	3105	ad0f6890-0ea2-4551-9747-5617993175ae	t
cf430e86-79d3-4a12-80f8-1510fda1a7c1	3105	160efd10-09b7-4c26-a784-96240e6264aa	t
1706700c-7d6b-42af-9466-a83e809ce734	3156	df5da807-f627-4224-8741-d2f899959ca5	t
c5cc501d-3be8-42dd-9e89-b490edcb211c	3106	df5da807-f627-4224-8741-d2f899959ca5	t
31038fb1-8961-44a1-a50d-5d5a8f59eb20	3156	c11934bd-4643-4e22-8c11-a3f8d9738ab4	t
f0ad5d30-7584-4a44-95ae-adfe4142d8ff	3106	c11934bd-4643-4e22-8c11-a3f8d9738ab4	t
7f0b1dfe-2bb0-4ec4-8229-971cffc3e36b	3156	d41eee03-e05e-4c6d-af2f-4c51b3f943ef	t
02209c51-faa3-450e-9dc0-f65047f8ba9d	3106	d41eee03-e05e-4c6d-af2f-4c51b3f943ef	f
aee85ee7-dcdc-458e-9d91-48b831b9c38e	3156	933a5c01-fe86-4b4d-96f5-68b071d4ceff	t
c9080b2b-578c-419e-9314-0c50a2a3c9f1	3106	933a5c01-fe86-4b4d-96f5-68b071d4ceff	f
db94009a-b24e-4292-bd04-6e180ae28c29	3156	c1c9c250-f8d8-4562-9e93-00d07e7466a6	t
97bfb818-f5a1-4a3f-8645-b14e4bee8022	3107	c1c9c250-f8d8-4562-9e93-00d07e7466a6	f
635341a9-0d1c-49e9-bc75-221c2edd93b4	3156	64b1fc1d-66a4-470f-b2f7-0bb8356c6e6a	t
b234a9dd-9357-42b2-b767-a44d49678130	3107	64b1fc1d-66a4-470f-b2f7-0bb8356c6e6a	f
4d85165e-cbf3-42e6-a437-108f78809b25	3155	eca02977-8b9a-452d-8799-3972cd9e5aee	t
96a59c93-1943-4ac5-b262-4dadbcf07d71	3154	dc458824-7353-4a85-bdac-75c45beffc72	t
a49199f6-4f11-4238-a4a1-da949e70930f	3157	86b457c5-10d4-4976-8a7e-a278e872705b	t
a6e3d3a2-150e-47a8-b881-e314103a0607	3157	283bb7cc-e85c-4f97-916b-fe96bea20b36	t
f7ebac6d-0af2-4a23-bcb3-db4b28a15922	3158	d254723d-2263-47a0-9e4e-5d4b6d4fd62c	t
50c99d7d-673b-48f4-b06e-2f514959f74e	3159	71dd9dbe-f718-4f35-bad5-fd43d196182b	t
b21e9ab8-7015-4bb8-add8-ac8f09014323	3160	4f79daa1-7723-4bd3-836d-168dfadc155f	t
e06b659d-bec1-4bea-b6f9-14e55e44989e	3160	9da58336-47b2-4f2c-a038-9bdcbb490d66	t
4002aede-51c5-4e31-aaf8-90b7e3576ff2	3160	4a171d9f-9a2c-4abd-a5cd-8b0f8ff28e3d	t
727708e1-9ee6-462f-9722-f1cfe1998875	3160	b953ceaf-27cc-4f8c-ab81-7d10ff246449	t
c92e4983-8a7f-4726-b3d7-978936ddc1bc	3161	0aa0469b-3dc9-4a78-a589-ebdb56fd1420	t
f9fb44e3-3ce7-400a-aa40-f94f848b8854	3161	bd5b7ce6-6814-40df-a631-1dc81232d7a8	t
b8220f2d-6fc8-4c05-9aa6-706a8da78cd4	3161	5d16c8eb-c77f-4db3-8d4d-38239e41984d	t
c464530a-96cf-463a-aff1-72ca819ae089	3161	f0e521b1-80cb-48a3-b240-8748a008cb3e	t
1a2d8c4b-ab37-41e5-b48d-81b5c4dec98d	3161	b9804342-c33a-4148-b9f7-47ef8774ebac	t
d0d9349f-7f64-43b2-b354-f1c19823b27f	3161	d6d79d91-a872-47ff-8de6-d8f6b4fc9ae0	t
a8ce60ad-f4fa-4f46-b6e1-ab9b4a703f5c	3161	d3dbd21b-75d0-4ec3-8355-4018526df819	t
16778404-3f42-4b47-bceb-ecdbf09c7075	3161	11541cd4-8711-4c6c-9241-426413988b5c	t
4b435f42-af76-433f-9379-caf783cf8eba	3162	eec29ee7-0ed3-4fbe-8132-554f6a414694	t
2d0e3cad-b34c-4781-a329-94f2c2f053a5	3162	93d7dea1-df44-4444-a2a9-b0d6bec648b6	t
89fe4225-9e2a-4a34-b750-4937dacf09f6	3161	e6a67811-e804-4a4b-b639-ca5ddb757e3b	t
1154a68b-3336-4705-9344-55531f354f6e	3163	93d84850-9956-49c7-ace1-1022d4ca7f2f	t
609097a7-2b12-466b-a015-0a9c1ae223ee	3164	1b6b9625-339a-4c5d-970b-309d6a10fd92	t
7dd5def4-c941-4e48-8769-eab58be6741c	3161	a43ef588-3236-444d-88c6-3d44844da18c	t
218bdd76-8ead-46a2-a73e-721b32d0a0d6	3161	900a04c0-f173-407a-9a74-b95c51aa58e2	t
7263303c-dddd-4387-93e9-8b68c2173bb5	3161	e339dc87-4c3d-428e-8f0b-f1bb92ff948e	t
b833b3fc-3030-4081-bf2f-c2d811b7b93f	3166	1eb571e8-fcc0-4164-9d9f-950f9f1e0cda	t
c04f02e3-4c9d-4965-8e3d-4b32b22ed74f	3167	c25577d1-f38a-4707-8024-ffa5b41acfe0	t
59bbfabd-fcf3-49f5-9f61-3f39335f125c	3167	1024a11a-1d68-436b-bc27-615b425a616a	t
7c2aa408-fbcf-4880-b3bf-b69db7749076	3173	50ec6914-731b-4d13-a166-b4ad72531856	t
aa61b6c9-7bdb-4285-ba4d-f33bd6baa9a5	3185	c08400b7-1aeb-4e3c-9034-f5fa3d9fa08a	t
5e2a7632-238d-44a1-86c7-be2e73ba6a69	3186	7cad1693-38d0-4682-a56b-bcecc1b2f0e5	t
54ff5e62-f4a9-4abc-822f-c65c1f680421	3187	a458554f-f473-4258-87ab-8f9f8ed512bf	t
d9a6ce9f-7b28-4b5a-acab-105814c3aa21	3190	68e3d48e-0789-457c-99d7-19960603ca17	t
9d71045b-961e-4123-a445-5d59c1d4fb39	3192	d450a492-a732-4545-b662-253f5cd8a82a	t
19431185-b893-4ce7-9798-faba7f80f2c8	3193	46b9553e-bdf1-49bf-82a9-d4348715860a	t
c6a29a9b-e097-4e5d-8e15-124b443e5d13	3201	9b6ab5c8-194b-4409-8af6-a29b3dd05a57	t
9d69f641-dda1-4946-8f07-cc2a7b66b167	3161	f5cd0671-57ae-47d9-bda8-a5e6801b2fcb	t
addce3c3-dcee-4747-bd3c-1d3e0bc902c2	3216	b4169ec7-b3d9-4c0e-a3e6-11b1cd7b8d7b	t
0faf7e20-7425-4952-943a-8f3ba331cdb1	3217	e0575831-a5fd-4ed4-9615-5884bc9b80cb	t
96fec032-f0b7-4b1d-acd3-b3576541f069	3218	6d8411bb-d2d6-4945-9bb7-17128ac91c1f	t
5b3dd390-f937-484e-a887-986463597a6d	3227	a199ff90-84e8-445c-ac12-e15fd077bfaa	t
22e7b6e6-6a73-4325-8e88-2115f43f2154	3161	2cd04695-4e4a-475f-81d5-4a474db7b6e2	t
6810581c-dd8a-4b19-a626-99d1ceeb8592	3244	cfa09c4d-b82d-436c-896b-1772127dce6e	t
f2e846e1-75c1-4cbc-8862-6b785ecade84	3245	15a17265-ab4e-40a4-a72c-c987e5be4508	t
7bcc4709-f5d4-499a-b426-fbd81601fac1	3246	c9d67df8-c3df-4a10-83c0-ff698347196d	t
274b428e-a41b-40c4-8e92-dfb57648df7d	3247	4aa880f1-9e3f-4d53-a2ed-48a6275a75da	t
4309b64a-099a-41d3-afb5-dd1c8b547a06	3248	774e92b9-bf2d-47cf-a165-9b8f9d50b6a5	t
46d656a4-fed7-4eab-834a-796546e7a1d1	3249	4a493671-a35f-4af6-baba-a272b296bd84	t
c9b82b6d-ec9b-48f5-b575-c9c503722ce9	3250	c639e7da-730c-4050-8e17-2bd5d0d326a3	t
4ce4fcc5-5399-4699-bae8-0da822bce47a	3251	67a1cba9-553e-4074-aad7-ac838e186700	t
846f5326-c97a-49a8-8340-4a9d2aaf0cb1	3252	40c8480f-419f-40b8-8a5c-5cf3efd08c48	t
\.


--
-- Data for Name: databasechangelog; Type: TABLE DATA; Schema: public; Owner: postgres
--

COPY public.databasechangelog (id, author, filename, dateexecuted, orderexecuted, exectype, md5sum, description, comments, tag, liquibase, contexts, labels, deployment_id) FROM stdin;
1	Manoj Kumar	db/changelog/account/master.yml	2023-08-29 06:00:30.389091	1	EXECUTED	8:d41d8cd98f00b204e9800998ecf8427e	empty		\N	4.20.0	\N	\N	3288830276
create-tables	Manoj Kumar	db/changelog/account/ddl/001_create_tables.sql	2023-08-29 06:00:31.066932	2	EXECUTED	8:d12ae259de09600ed4a060b72bbd7766	sql		\N	4.20.0	\N	\N	3288830276
\.


--
-- Data for Name: databasechangeloglock; Type: TABLE DATA; Schema: public; Owner: postgres
--

COPY public.databasechangeloglock (id, locked, lockgranted, lockedby) FROM stdin;
1	f	\N	\N
\.


--
-- Data for Name: fd_account; Type: TABLE DATA; Schema: public; Owner: postgres
--

COPY public.fd_account (id, account_id, tenure_unit, tenure_value, interest_rate, amount, start_date, auto_renewal, auto_renewal_type, deposit_account, interest_payout_frequency, branch_code, denomination, maturity_date, maturity_amount) FROM stdin;
\.


--
-- Data for Name: loan_account; Type: TABLE DATA; Schema: public; Owner: postgres
--

COPY public.loan_account (id, account_id, tenure_unit, tenure_value, repayment_frequency, repayment_day, interest_rate, amount, amortize, processing_fee_amount, processing_fee_tax, disbursement_account, repayment_account, denomination, is_insurance_required) FROM stdin;
\.


--
-- Data for Name: rd_account; Type: TABLE DATA; Schema: public; Owner: postgres
--

COPY public.rd_account (id, account_id, tenure_unit, tenure_value, interest_rate, amount, start_date, auto_renewal, auto_renewal_type, deposit_frequency, deposit_account, branch_code, denomination, maturity_date, maturity_amount) FROM stdin;
\.


--
-- Name: account account_account_number_key; Type: CONSTRAINT; Schema: public; Owner: postgres
--

ALTER TABLE ONLY public.account
    ADD CONSTRAINT account_account_number_key UNIQUE (account_number);


--
-- Name: account account_id_pkey; Type: CONSTRAINT; Schema: public; Owner: postgres
--

ALTER TABLE ONLY public.account
    ADD CONSTRAINT account_id_pkey PRIMARY KEY (account_id);


--
-- Name: account_nominee_mapping account_nominee_id_pkey; Type: CONSTRAINT; Schema: public; Owner: postgres
--

ALTER TABLE ONLY public.account_nominee_mapping
    ADD CONSTRAINT account_nominee_id_pkey PRIMARY KEY (id);


--
-- Name: casa_account casa_account_id_pkey; Type: CONSTRAINT; Schema: public; Owner: postgres
--

ALTER TABLE ONLY public.casa_account
    ADD CONSTRAINT casa_account_id_pkey PRIMARY KEY (id);


--
-- Name: customer_account_mapping customer_account_id_pkey; Type: CONSTRAINT; Schema: public; Owner: postgres
--

ALTER TABLE ONLY public.customer_account_mapping
    ADD CONSTRAINT customer_account_id_pkey PRIMARY KEY (id);


--
-- Name: databasechangeloglock databasechangeloglock_pkey; Type: CONSTRAINT; Schema: public; Owner: postgres
--

ALTER TABLE ONLY public.databasechangeloglock
    ADD CONSTRAINT databasechangeloglock_pkey PRIMARY KEY (id);


--
-- Name: fd_account fd_account_id_pkey; Type: CONSTRAINT; Schema: public; Owner: postgres
--

ALTER TABLE ONLY public.fd_account
    ADD CONSTRAINT fd_account_id_pkey PRIMARY KEY (id);


--
-- Name: loan_account loan_account_id_pkey; Type: CONSTRAINT; Schema: public; Owner: postgres
--

ALTER TABLE ONLY public.loan_account
    ADD CONSTRAINT loan_account_id_pkey PRIMARY KEY (id);


--
-- Name: rd_account rd_account_id_pkey; Type: CONSTRAINT; Schema: public; Owner: postgres
--

ALTER TABLE ONLY public.rd_account
    ADD CONSTRAINT rd_account_id_pkey PRIMARY KEY (id);


--
-- Name: account_nominee_unique_check; Type: INDEX; Schema: public; Owner: postgres
--

CREATE UNIQUE INDEX account_nominee_unique_check ON public.account_nominee_mapping USING btree (account_id, nominee_id);


--
-- Name: account_nominee_mapping account_nominee_mapping_account_id_fkey; Type: FK CONSTRAINT; Schema: public; Owner: postgres
--

ALTER TABLE ONLY public.account_nominee_mapping
    ADD CONSTRAINT account_nominee_mapping_account_id_fkey FOREIGN KEY (account_id) REFERENCES public.account(account_id);


--
-- Name: casa_account casa_account_account_id_fkey; Type: FK CONSTRAINT; Schema: public; Owner: postgres
--

ALTER TABLE ONLY public.casa_account
    ADD CONSTRAINT casa_account_account_id_fkey FOREIGN KEY (account_id) REFERENCES public.account(account_id);


--
-- Name: customer_account_mapping customer_account_mapping_account_id_fkey; Type: FK CONSTRAINT; Schema: public; Owner: postgres
--

ALTER TABLE ONLY public.customer_account_mapping
    ADD CONSTRAINT customer_account_mapping_account_id_fkey FOREIGN KEY (account_id) REFERENCES public.account(account_id);


--
-- Name: fd_account fd_account_account_id_fkey; Type: FK CONSTRAINT; Schema: public; Owner: postgres
--

ALTER TABLE ONLY public.fd_account
    ADD CONSTRAINT fd_account_account_id_fkey FOREIGN KEY (account_id) REFERENCES public.account(account_id);


--
-- Name: loan_account loan_account_account_id_fkey; Type: FK CONSTRAINT; Schema: public; Owner: postgres
--

ALTER TABLE ONLY public.loan_account
    ADD CONSTRAINT loan_account_account_id_fkey FOREIGN KEY (account_id) REFERENCES public.account(account_id);


--
-- Name: rd_account rd_account_account_id_fkey; Type: FK CONSTRAINT; Schema: public; Owner: postgres
--

ALTER TABLE ONLY public.rd_account
    ADD CONSTRAINT rd_account_account_id_fkey FOREIGN KEY (account_id) REFERENCES public.account(account_id);


--
-- Name: SCHEMA public; Type: ACL; Schema: -; Owner: postgres
--

REVOKE USAGE ON SCHEMA public FROM PUBLIC;
GRANT ALL ON SCHEMA public TO PUBLIC;


--
-- PostgreSQL database dump complete
--

